FID	IID	age	age2	sex	ptsd_sud_case
2431	NA19916	25	484	1	1
2424	NA19835	32	225	2	1
2469	NA20282	39	64	2	1
2368	NA19703	46	1	1	0
2425	NA19901	53	36	2	0
2427	NA19908	60	169	1	0
2430	NA19914	67	400	2	0
2470	NA20287	29	324	2	1
2436	NA19713	36	121	2	1
2426	NA19904	43	16	1	0
2431	NA19917	50	9	2	1
2436	NA19982	57	100	1	0
2487	NA20340	64	289	1	1
2427	NA19909	26	441	2	0
2424	NA19834	33	196	1	0
2480	NA20317	40	49	2	1
2418	NA19818	47	0	1	0
2490	NA20346	54	49	1	0
2433	NA19921	61	196	2	0
2469	NA20281	68	441	1	0
2495	NA20359	30	289	2	1
2477	NA20301	37	100	2	0
2492	NA20349	44	9	1	1
2474	NA20294	51	16	2	0
2494	NA20357	58	121	2	1
2425	NA19900	65	324	1	0
2491	NA20348	27	400	1	1
2471	NA20289	34	169	2	1
2489	NA20344	41	36	2	1
2418	NA19819	48	1	2	1
2357	NA19625	55	64	2	0
2483	NA20332	62	225	2	1
2367	NA19700	69	484	1	0
2472	NA20291	31	256	1	1
2488	NA20342	38	81	1	0
2484	NA20334	45	4	2	1
2494	NA20356	52	25	1	0
2371	NA19712	59	144	2	1
2481	NA20322	66	361	2	0
2368	NA19704	28	361	2	1
2367	NA19701	35	144	2	1
2496	NA20363	42	25	2	0
2371	NA19711	49	4	1	1
2446	NA20126	56	81	1	0
2485	NA20336	63	256	2	0
2487	NA20341	25	484	2	0
2437	NA19985	32	225	2	0
2466	NA20276	39	64	2	1
2446	NA20127	46	1	2	0
1328	NA06989	53	36	2	1
1377	NA11891	60	169	1	0
1349	NA11843	67	400	1	1
1330	NA12341	29	324	2	1
1328	NA06984	36	121	1	0
1418	NA12275	43	16	2	0
13291	NA06986	50	9	1	0
1418	NA12272	57	100	1	0
13292	NA07051	64	289	1	0
1354	NA12400	26	441	2	0
1451	NA12777	33	196	1	1
1421	NA12287	40	49	2	0
1353	NA12383	47	0	2	1
1330	NA12340	54	49	1	0
1418	NA12273	61	196	2	0
1377	NA11892	68	441	2	0
1353	NA12546	30	289	1	0
1458	NA12843	37	100	2	1
13281	NA12348	44	9	2	0
1423	NA11917	51	16	1	0
1358	NA12718	58	121	2	0
1421	NA12282	65	324	1	0
1423	NA11920	27	400	2	0
1451	NA12776	34	169	2	0
1421	NA12283	41	36	2	0
13291	NA07435	48	1	1	0
1456	NA12828	55	64	2	0
13291	NA07045	62	225	2	1
13292	NA07031	69	484	2	1
1456	NA12827	31	256	1	1
1330	NA12343	38	81	2	1
1451	NA12778	45	4	2	1
1424	NA11930	52	25	1	1
1463	NA12890	59	144	2	1
13291	NA07037	66	361	2	1
1345	NA07347	28	361	1	0
1456	NA12829	35	144	1	1
1444	NA12749	42	25	2	1
1377	NA11894	49	4	2	0
1421	NA12286	56	81	1	1
1423	NA11918	63	256	2	1
1456	NA12830	25	484	2	0
1377	NA11893	32	225	1	1
1423	NA11919	39	64	1	0
1353	NA12489	46	1	2	0
1354	NA12399	53	36	1	0
1355	NA12413	60	169	1	0
1458	NA12842	67	400	1	0
13281	NA12347	29	324	1	1
1345	NA07346	36	121	2	0
1451	NA12775	43	16	1	0
1463	NA12889	50	9	1	1
1330	NA12342	57	100	1	1
1444	NA12748	64	289	1	0
1424	NA11931	26	441	2	1
1346	NA12045	33	196	1	1
1444	NA12750	40	49	1	0
1350	NA11831	47	0	1	0
1334	NA12146	54	49	1	0
1347	NA11882	61	196	2	0
1340	NA07056	68	441	2	1
1408	NA12154	30	289	1	0
1349	NA11839	37	100	1	1
1459	NA12875	44	9	2	1
1408	NA12156	51	16	2	1
1346	NA12044	58	121	2	0
1362	NA11992	65	324	1	1
1350	NA11829	27	400	1	1
1334	NA12239	34	169	2	1
1447	NA12762	41	36	1	0
1358	NA12716	48	1	1	1
1459	NA12874	55	64	1	0
1447	NA12760	62	225	1	0
1341	NA06985	69	484	2	0
1420	NA12003	31	256	1	1
1340	NA07022	38	81	1	1
1454	NA12813	45	4	2	0
1341	NA07055	52	25	2	1
1344	NA12056	59	144	1	0
1334	NA12145	66	361	2	0
1454	NA12814	28	361	1	0
1420	NA12006	35	144	2	0
1447	NA12763	42	25	2	0
1345	NA07357	49	4	1	1
1334	NA12144	56	81	1	0
1340	NA07000	63	256	2	1
1350	NA11832	25	484	2	1
1349	NA11840	32	225	2	1
1447	NA12761	39	64	2	1
1340	NA06994	46	1	1	0
1362	NA11993	53	36	2	1
1362	NA11995	60	169	2	1
1463	NA12891	67	400	1	1
1444	NA12751	29	324	2	0
1420	NA12005	36	121	1	0
1375	NA12234	43	16	2	1
1345	NA07345	50	9	2	1
1463	NA12892	57	100	2	1
1416	NA12248	64	289	1	1
1459	NA12872	26	441	1	0
1408	NA12155	33	196	1	0
1341	NA06993	40	49	1	0
1350	NA11830	47	0	2	0
1416	NA12249	54	49	2	1
1344	NA12057	61	196	2	0
1454	NA12812	68	441	1	0
1347	NA11881	30	289	1	0
1362	NA11994	37	100	1	1
1459	NA12873	44	9	2	0
1454	NA12815	51	16	2	0
1346	NA12043	58	121	1	0
1375	NA12264	65	324	1	1
M012	NA19663	27	400	2	1
M012	NA19664	34	169	1	1
M016	NA19722	41	36	2	0
M016	NA19723	48	1	1	0
M001	NA19649	55	64	1	1
M002	NA19669	62	225	2	0
M007	NA19657	69	484	2	1
M007	NA19658	31	256	1	1
M015	NA19719	38	81	2	1
M015	NA19720	45	4	1	0
M017	NA19726	52	25	1	1
M023	NA19747	59	144	1	1
M027	NA19759	66	361	1	1
M033	NA19773	28	361	2	1
M035	NA19780	35	144	1	1
M004	NA19675	42	25	2	1
M004	NA19676	49	4	1	0
M005	NA19651	56	81	2	0
M011	NA19684	63	256	2	1
M017	NA19725	25	484	2	0
M026	NA19755	32	225	2	0
M026	NA19756	39	64	1	0
M033	NA19774	46	1	1	1
M034	NA19776	53	36	2	1
M034	NA19777	60	169	1	1
M036	NA19783	67	400	1	1
M008	NA19661	29	324	1	1
M010	NA19682	36	121	1	1
M031	NA19771	43	16	1	0
M035	NA19779	50	9	2	1
M036	NA19782	57	100	2	1
M037	NA19788	64	289	2	0
M008	NA19660	26	441	2	1
M009	NA19678	33	196	2	1
M010	NA19681	40	49	2	1
M023	NA19746	47	0	2	0
M039	NA19794	54	49	2	1
M039	NA19795	61	196	1	1
M006	NA19654	68	441	2	1
M024	NA19749	30	289	2	1
M028	NA19761	37	100	2	0
M028	NA19762	44	9	1	0
M031	NA19770	51	16	2	1
M002	NA19670	58	121	1	1
M014	NA19716	65	324	2	0
M024	NA19750	27	400	1	0
M037	NA19789	34	169	1	1
M011	NA19685	41	36	1	1
M009	NA19679	48	1	1	0
M005	NA19652	55	64	1	0
Y001	NA18488	62	225	2	1
Y014	NA18519	69	484	1	1
Y039	NA19185	31	256	2	1
Y075	NA19146	38	81	1	1
Y073	NA19149	45	4	2	0
Y092	NA19256	52	25	1	0
Y006	NA19108	59	144	2	1
Y038	NA19178	66	361	1	1
Y030	NA18916	28	361	2	0
Y111	NA19190	35	144	2	0
Y061	NA19121	42	25	1	0
Y079	NA19113	49	4	1	1
Y116	NA19235	56	81	2	1
Y041	NA19095	63	256	2	1
Y041	NA19096	25	484	1	1
Y007	NA18868	32	225	1	0
Y027	NA18909	39	64	2	1
Y036	NA18933	46	1	2	1
Y044	NA19175	53	36	1	1
Y120	NA19247	60	169	2	0
Y002	NA18489	67	400	2	1
Y052	NA19181	29	324	1	1
Y092	NA19257	36	121	2	0
Y100	NA19117	43	16	1	0
Y110	NA19214	50	9	2	0
Y014	NA18520	57	100	2	1
Y110	NA19213	64	289	1	0
Y035	NA19197	26	441	2	0
Y035	NA19198	33	196	1	0
Y061	NA19122	40	49	2	1
Y036	NA18934	47	0	1	0
Y033	NA18924	54	49	2	0
Y075	NA19147	61	196	2	1
Y001	NA18486	68	441	1	0
Y003	NA18499	30	289	2	1
Y002	NA18487	37	100	1	1
Y120	NA19248	44	9	1	0
Y030	NA18917	51	16	1	1
Y079	NA19114	58	121	2	0
Y039	NA19184	65	324	1	1
Y044	NA19176	27	400	2	0
Y007	NA18867	34	169	2	0
Y116	NA19236	41	36	1	0
Y019	NA18874	48	1	1	1
Y038	NA19179	55	64	2	0
Y052	NA19182	62	225	2	1
Y057	NA19226	69	484	1	1
Y057	NA19225	31	256	2	0
Y111	NA19189	38	81	1	1
Y003	NA18498	45	4	1	1
Y100	NA19118	52	25	2	1
Y006	NA19107	59	144	1	0
Y010	NA18510	66	361	1	1
Y010	NA18511	28	361	2	0
Y033	NA18923	35	144	1	1
Y073	NA19150	42	25	1	1
Y027	NA18910	49	4	1	0
Y019	NA18873	56	81	2	0
Y005	NA18505	63	256	2	1
Y117	NA19239	25	484	1	1
Y004	NA18501	32	225	1	0
Y043	NA19137	39	64	2	0
Y072	NA19153	46	1	1	1
Y058	NA19223	53	36	1	1
Y024	NA18861	60	169	2	1
Y045	NA19201	67	400	2	1
Y074	NA19144	29	324	1	0
Y112	NA19193	36	121	2	1
Y005	NA18504	43	16	1	1
Y048	NA19203	50	9	1	1
Y074	NA19143	57	100	2	1
Y017	NA18871	64	289	1	1
Y017	NA18870	26	441	2	1
Y045	NA19200	33	196	1	1
Y013	NA18517	40	49	2	0
Y023	NA18855	47	0	2	1
Y050	NA19209	54	49	2	1
Y056	NA19160	61	196	1	1
Y072	NA19152	68	441	2	0
Y042	NA19102	30	289	2	1
Y047	NA19172	37	100	2	1
Y117	NA19238	44	9	2	0
Y028	NA18913	51	16	1	1
Y028	NA18912	58	121	2	0
Y058	NA19222	65	324	2	0
Y009	NA18508	27	400	2	1
Y043	NA19138	34	169	1	0
Y018	NA18852	41	36	2	0
Y050	NA19210	48	1	1	1
Y048	NA19204	55	64	2	1
Y009	NA18507	62	225	1	0
Y056	NA19159	69	484	2	0
Y013	NA18516	31	256	1	0
Y024	NA18862	38	81	1	1
Y042	NA19101	45	4	1	1
Y112	NA19192	52	25	1	0
Y012	NA18858	59	144	2	0
Y071	NA19141	66	361	1	1
Y040	NA19093	28	361	2	0
Y051	NA19206	35	144	2	1
Y105	NA19098	42	25	1	0
Y101	NA19130	49	4	1	0
Y077	NA19128	56	81	1	1
Y101	NA19131	63	256	2	0
Y060	NA19116	25	484	2	0
Y077	NA19127	32	225	2	0
Y018	NA18853	39	64	1	0
Y047	NA19171	46	1	1	0
Y071	NA19140	53	36	2	1
Y012	NA18859	60	169	1	0
Y060	NA19119	67	400	1	0
Y051	NA19207	29	324	1	1
Y105	NA19099	36	121	2	1
