FID	IID	PC1	PC2	PC3	PC4	PC5	PC6	PC7	PC8	PC9	PC10
2431	NA19916	-0.048571	0.00727075	0.0449844	0.0267174	0.0272629	0.0135407	-0.0285579	5.9681e-05	0.0257013	0.0176762
2424	NA19835	-0.0423012	0.0072121	0.037845	-0.00340548	0.0421692	0.0150467	0.0432986	0.0138409	0.00723992	0.00933494
2469	NA20282	-0.0283674	0.00129051	-0.322324	-0.527148	0.139237	-0.130482	0.035633	-0.0710005	-0.138066	-0.0140279
2368	NA19703	-0.0451518	0.0089346	-0.00984364	-0.0160722	0.0157816	-0.0134603	-0.00778065	-0.00125066	0.0806761	-0.000103079
2425	NA19901	-0.0490565	-0.000626651	-0.0122351	0.034277	-0.0126089	0.00412209	-0.0018619	-0.0269443	0.0370628	0.010085
2427	NA19908	-0.045936	0.00541758	-0.0169096	-0.0420123	-0.0150149	-0.0305412	0.0312055	-0.0228849	-0.0285758	-0.0719612
2430	NA19914	-0.0266531	0.0207663	-0.00567371	-0.0081789	0.00528392	0.0136528	-0.0015674	-0.00293808	0.067404	0.00652142
2470	NA20287	-0.039926	0.0115435	-0.00597261	-0.0147628	0.03873	0.0201446	-0.005304	0.0306685	-0.00971715	-0.0283104
2436	NA19713	-0.0300747	0.0149369	0.0813263	0.0573588	-0.039551	-0.0878967	0.354852	-0.219228	-0.177994	0.430861
2426	NA19904	-0.0402744	0.00249616	-0.0316927	0.0132095	-0.0163078	0.0567265	-0.00319127	-0.0227683	0.0222599	0.0225981
2431	NA19917	-0.0466247	0.000787221	0.0281324	0.0405683	0.0224094	-0.0290454	0.00315818	0.0256914	0.0424393	-0.0120252
2436	NA19982	-0.0453527	0.00239225	-0.0139121	-0.0275475	-0.0066339	-0.0101785	-0.0304301	-0.0242461	-0.0212473	0.0161775
2487	NA20340	-0.0437659	0.0137939	0.0156068	0.0248581	-0.0289964	-0.0664917	0.190515	0.115551	-0.0193365	-0.155724
2427	NA19909	-0.0482898	0.0022381	-0.0100421	-0.0123801	-0.000892379	0.00582557	-0.0152568	0.00605551	0.055881	0.0540196
2424	NA19834	-0.0304258	0.0139118	0.00989064	-0.0323913	0.0139039	-0.0113328	-0.0319927	-0.0239004	0.0238258	-0.00345789
2480	NA20317	-0.0269753	0.00675999	-0.0321366	-0.0299648	-0.00697609	0.0322792	-0.019299	0.00588312	0.0417159	0.0383241
2418	NA19818	-0.0294233	0.00932565	-0.036551	-0.0221227	-0.00529967	-0.0109728	-0.032422	-0.00965796	0.0416908	0.0424688
2490	NA20346	-0.0416222	0.00296196	0.00677179	0.0265425	-0.00903186	-0.0633174	0.186353	0.0660569	0.0373055	-0.0908285
2433	NA19921	-0.011557	-0.0107126	-0.00821574	0.00548857	-0.00829844	0.00464365	0.00914894	0.0045212	0.00870869	0.0311998
2469	NA20281	-0.0414054	0.00299927	-0.0514404	-0.00329748	9.88647e-05	-0.0485962	0.0419431	-0.0298631	0.0195679	0.00979678
2495	NA20359	-0.0308257	0.00049034	-0.0311414	0.0124766	-0.0464101	0.00202583	-0.0658522	-0.0444319	0.0460319	-0.0618104
2477	NA20301	-0.0320996	-0.000494521	-0.317191	-0.528993	0.138594	-0.119557	0.0412658	-0.0568298	-0.135842	-0.0238274
2492	NA20349	-0.0298834	0.011587	0.0303456	0.00345919	-0.0649073	-0.114311	0.443051	0.26595	-0.000488193	-0.283696
2474	NA20294	-0.0453926	0.00667095	0.0354444	0.00530975	0.0052951	-0.0178581	-0.0610974	0.00493047	-0.0269613	0.0174504
2494	NA20357	-0.0479319	-0.00992971	0.0248781	0.00806008	0.0136233	0.0178191	0.00852233	-0.0293834	0.0386	0.0616592
2425	NA19900	-0.0392783	0.00626144	0.0033342	0.025903	0.0154331	-0.0022375	-0.00338192	-0.0354292	0.0467158	0.0689501
2491	NA20348	-0.0431113	0.00596324	0.0330463	-0.0174035	0.0153339	-0.0276735	0.0335365	0.0258163	0.0199512	0.00828746
2471	NA20289	-0.0361314	0.0107428	0.333957	-0.0996437	0.48105	0.199643	0.0249276	0.126974	-0.121495	0.0289949
2489	NA20344	-0.0325194	0.012585	0.0197501	0.0256776	-0.068683	-0.109424	0.436096	0.261475	-0.0102882	-0.272927
2418	NA19819	-0.0289326	0.00897236	0.00265431	-7.15629e-05	0.0238331	-0.00962966	0.00498763	0.00786677	0.00483152	0.0507898
2357	NA19625	-0.0197708	-0.059048	0.027719	0.068204	0.031749	-0.0249054	-0.0240679	0.000533084	0.0425909	-0.0211789
2483	NA20332	-0.0344376	0.00686542	-0.00695991	0.0245409	0.0212122	-0.0776204	0.00216422	-0.019169	0.00353343	-0.0748429
2367	NA19700	-0.0393976	0.0143705	0.0195547	-0.0339554	-0.0233428	0.000646436	-0.0339205	-0.0123291	0.0511186	-0.0315354
2472	NA20291	-0.0590328	0.0121054	0.0137348	0.00694212	-0.0199298	-0.0142159	-0.00611958	-0.00683545	-0.0276137	-0.0257887
2488	NA20342	-0.0153334	0.0142307	0.0156474	0.0099772	0.0178518	0.0162388	-0.0337384	0.0507665	0.0671561	-0.0167992
2484	NA20334	-0.0192987	0.0218239	-0.0762343	-0.142908	-0.189571	0.254728	0.0211719	0.40774	0.185754	0.29552
2494	NA20356	-0.0459078	0.000246133	0.0388518	0.0179761	-0.0129026	0.00279918	0.0442784	-0.0312328	0.0299731	-0.00910299
2371	NA19712	-0.0478845	-0.00189742	-0.0106526	-0.0217637	0.0175044	0.00797059	0.000769175	0.036745	-0.0586348	0.0201801
2481	NA20322	-0.0313982	-0.00662615	0.00213408	0.0217038	-0.0282043	-0.0361644	0.0183705	0.0238251	0.00841879	0.0308968
2368	NA19704	-0.0433556	0.00426894	-0.00610492	0.0347338	-0.0272864	0.0082706	-0.0207337	-0.0184822	-0.0269672	-0.0229729
2367	NA19701	-0.0438964	0.00390379	0.00687412	-0.0777994	-0.00555215	0.015665	-0.00410491	0.000494428	-0.00181693	0.0395276
2496	NA20363	-0.0229078	0.0184731	-0.0117839	0.0237713	-0.0449419	0.00340529	-0.0939567	-0.0684557	0.0733023	-0.0843002
2371	NA19711	-0.0471204	0.00355743	-0.00681356	0.0131931	0.0135972	0.0330191	0.0310856	-0.0278426	0.00676135	-0.0326112
2446	NA20126	-0.0249215	0.0239697	-0.0054136	-0.00130925	-0.0135117	-0.0254649	0.0167723	0.0347359	0.0149937	0.0576753
2485	NA20336	-0.0181564	0.0168038	-0.0976389	-0.159584	-0.193471	0.266768	0.0324917	0.407162	0.177889	0.288078
2487	NA20341	-0.0376472	0.014426	0.338781	-0.104775	0.489982	0.215838	0.0319334	0.134605	-0.104028	0.0290292
2437	NA19985	-0.0292255	0.0094439	0.0519292	0.0774271	-0.0629411	-0.113274	0.360431	-0.212328	-0.181762	0.422917
2466	NA20276	-0.03721	0.00341944	0.0030026	-0.0156478	-0.0088171	0.00724362	0.00410641	-0.0115167	-0.0418255	0.0321735
2446	NA20127	-0.0499549	-0.00288284	-0.016034	-0.0158959	-0.0346281	0.0268665	0.00411967	0.00434652	0.0191466	0.0275777
1328	NA06989	0.0562083	0.0495213	0.00126344	0.0033276	-0.0242133	-0.0053158	-0.0348248	0.0127506	0.00442509	-0.000762383
1377	NA11891	0.055857	0.0377814	0.00550865	0.0202453	-0.00828863	-0.00102458	0.00698836	-0.00825334	-0.000570127	-0.00360951
1349	NA11843	0.0588685	0.0457076	3.35679e-05	0.0088776	0.0102859	0.00117886	0.0209688	0.00790807	0.00443006	0.00711721
1330	NA12341	0.0549812	0.0480034	0.00890575	0.0118098	0.0144212	-0.0182184	-0.00415316	0.000438677	0.00849791	0.0120844
1328	NA06984	0.0587918	0.0442146	0.0238566	-0.0129558	0.0164826	-0.00865118	0.0103954	-0.0201392	0.00164992	-0.016334
1418	NA12275	0.0590718	0.0429221	0.0253184	-0.0161	0.00269621	-0.0298105	0.00520148	-1.90906e-05	-0.0206421	-0.0387991
13291	NA06986	0.0572212	0.0454836	-0.011171	-0.0145492	-0.0095893	-0.00980781	0.000651999	-0.00205063	0.0215442	-0.00353753
1418	NA12272	0.060159	0.0505006	-0.0204172	0.0111021	0.0016785	0.00278403	-0.0084271	-0.0386043	0.00146408	0.0119734
13292	NA07051	0.0569262	0.0427228	0.00211176	-0.0163147	0.00790672	-0.013631	0.00458863	-0.0274913	-0.00525496	-0.0104803
1354	NA12400	0.0588122	0.0416282	-0.00251056	0.0072566	0.0160047	0.00812119	0.00475184	-0.0242336	0.0110804	-0.0123817
1451	NA12777	0.0577838	0.0440301	-0.00787138	-0.0286662	0.00880276	-0.00707681	-0.0142271	0.00756845	0.00250609	0.00790286
1421	NA12287	0.0577778	0.0430092	-0.00528824	-0.00275163	0.00360848	-0.0275842	0.0015338	-0.0453846	-0.00295464	0.00567714
1353	NA12383	0.0562083	0.0481709	-0.0222468	-0.000970769	0.00388264	-0.0087503	-0.0155788	-0.0213893	0.00317146	-0.00974461
1330	NA12340	0.0574236	0.0497869	-0.00267893	-0.00619552	0.0176393	-0.0178782	-0.00749233	-0.0157754	-0.00729592	0.00199934
1418	NA12273	0.0562613	0.0424905	-0.00604185	-0.00100924	0.0220975	-0.0230532	-0.0290515	-0.0350829	0.0089467	-0.00400117
1377	NA11892	0.0567238	0.0501537	-0.0166023	-0.0158938	-0.00198161	-0.0246182	0.00109911	0.000370764	-0.00669343	-0.0133604
1353	NA12546	0.0580323	0.03943	0.0134993	0.00192513	0.021207	0.0134404	-0.000657987	0.00711566	0.0105739	-0.0119778
1458	NA12843	0.0556466	0.0408987	0.0121011	-0.00643043	0.00116874	0.00263921	-0.0473458	0.0195533	-0.0161294	0.00487612
13281	NA12348	0.0581906	0.0444236	-0.00570578	-0.0118262	0.000638571	-0.0058309	0.0169508	0.0103311	0.0181683	-0.0119896
1423	NA11917	0.0589415	0.0477489	0.0312781	-0.00492492	-0.0139405	0.00491749	0.0100457	-0.0298992	0.0173587	0.0105041
1358	NA12718	0.0596061	0.0451591	0.0104229	-0.0132292	0.00938746	-0.0127125	0.00237248	-0.0277338	-0.0243516	0.0417076
1421	NA12282	0.057441	0.0430966	0.0170709	0.00099018	-0.00992093	0.00166146	-0.0391557	0.0109686	-0.00463515	-0.034042
1423	NA11920	0.059913	0.0479525	-0.0100481	0.0160564	-0.0315026	0.00429246	-0.0317551	-0.0139363	-0.00451276	-0.0145228
1451	NA12776	0.0577014	0.0357026	-0.00336624	-0.0144339	-0.0186135	-0.0278727	0.00763688	-0.0222715	0.000551595	0.020044
1421	NA12283	0.0588914	0.0566078	0.0221612	-0.00635792	0.0173461	-0.0266307	-0.0395154	0.00624389	-0.0224483	0.0045635
13291	NA07435	0.0553168	0.0415943	0.0241499	-0.00445505	-0.0225232	0.0396069	0.00498861	-0.00158705	0.0423962	-0.0300533
1456	NA12828	0.0579876	0.0457196	0.0288358	-0.00880483	-0.0188108	-0.0441504	-0.0104266	0.0126307	-0.0101905	0.00891879
13291	NA07045	0.059933	0.048743	0.0421944	-0.0147361	-0.0550646	0.0671192	-0.0162145	0.0242937	-0.0780147	0.0934446
13292	NA07031	0.058696	0.0420298	0.0212988	-0.00462387	0.012852	-0.0202354	-0.00766369	0.0151961	-0.000361758	-0.000924783
1456	NA12827	0.0574623	0.0459495	0.0210921	-0.00211055	0.00772864	-0.0208762	-0.00380017	0.0133539	0.0012545	-0.0369502
1330	NA12343	0.0560417	0.0528204	0.00516656	-0.00378893	0.000968169	0.01336	-0.0177278	0.00214609	0.0125562	-0.0146539
1451	NA12778	0.0571743	0.0468152	0.00483367	-0.0107814	-0.00736907	-0.0164282	0.00824616	-0.016807	-0.0258634	0.00348231
1424	NA11930	0.0564881	0.0392856	0.0150963	0.00532404	-0.0069897	-0.00990537	-0.0220679	-0.0230414	-0.00464982	-0.0139617
1463	NA12890	0.0558588	0.0507841	0.0156108	-0.0133553	-0.0215354	0.0232572	-0.0305603	-0.0125913	0.0184032	0.00468041
13291	NA07037	0.053937	0.0448105	-0.00692725	-0.000364048	0.0207311	-0.0212117	-0.00287149	-0.00458891	0.0135792	-0.00491769
1345	NA07347	0.0618858	0.0433035	0.0131496	0.0108092	0.00992937	-0.0130679	0.00897062	-0.0115665	0.0165879	0.00947597
1456	NA12829	0.0576246	0.0436267	0.0209388	0.00359514	-0.00315126	-0.0344288	-0.0391784	-0.00847685	-0.0318513	-0.0205239
1444	NA12749	0.0574532	0.0474263	0.00182862	0.0244763	-0.00367726	-0.00217586	0.012422	0.00464348	0.00845985	0.0243496
1377	NA11894	0.0557064	0.0506063	-0.00593719	-0.0140289	-0.00360668	-0.0225894	-0.0130293	-8.64258e-05	-0.0102583	0.0168686
1421	NA12286	0.0587882	0.0360465	0.0196414	0.00962719	0.0215121	-0.0183108	0.00670544	-0.00270413	0.00570677	-0.0265481
1423	NA11918	0.0566724	0.0502132	-0.0102725	-0.0103701	0.0180663	-0.0211255	-0.0175142	-0.0170145	-0.00494449	-0.00412109
1456	NA12830	0.0540434	0.0399886	0.0104811	0.00337478	0.0133081	-0.0149432	-0.0294724	0.013845	-0.00246705	0.000798322
1377	NA11893	0.0598854	0.0485136	-0.0121047	-0.00048712	0.00835184	-0.0244487	-0.0217232	0.00936381	0.00365981	-0.00707341
1423	NA11919	0.056343	0.0435499	0.0259104	-0.00757606	-0.0134275	-0.00948541	0.0064548	0.0078374	0.0322886	0.0168654
1353	NA12489	0.0585478	0.0432469	0.0203386	-0.0242717	-0.000540612	0.0162784	0.0297838	0.0333585	0.00802099	-0.0199663
1354	NA12399	0.0560659	0.0373148	0.0163121	-0.0246092	-0.00620308	0.0276576	-0.0164675	-0.0137196	0.014529	-0.0254085
1355	NA12413	0.056396	0.0437443	-0.0252209	0.00181824	0.0149943	-0.00937222	-0.0269382	-0.019499	0.00396626	0.0223242
1458	NA12842	0.0611773	0.0538518	0.0081523	0.00202463	-3.42624e-05	-0.00128792	-0.00968996	0.031047	0.0103333	-0.00842707
13281	NA12347	0.0577083	0.0416399	-0.00689784	-0.0108579	0.00504542	0.0123157	-0.0123766	-0.00159477	-0.00694564	-0.0194023
1345	NA07346	0.058978	0.0494059	0.011733	-0.0144703	0.00239646	-0.0122589	-0.0162682	-0.00369347	-0.00983009	-0.0058922
1451	NA12775	0.0563642	0.0451285	-0.0113814	0.0137186	0.0125515	-0.0116625	-0.0353762	-0.00332858	-0.00823456	-0.0132209
1463	NA12889	0.0576504	0.0488096	0.00491871	0.000267121	-0.0231615	0.0129785	-0.00819128	0.0151318	0.0285215	0.0271869
1330	NA12342	0.0596326	0.0489068	-0.00500781	-0.0111446	0.00826228	-0.0117293	-0.00185505	-0.00137848	0.0286604	0.0135227
1444	NA12748	0.0576802	0.0341127	0.0442165	-0.00777998	-0.00962246	0.013903	0.00942931	0.02174	-0.0188065	-0.0108237
1424	NA11931	0.0565774	0.0380559	-0.000832418	-0.0273858	-0.00634503	-0.0367203	-0.0135908	-0.00658875	0.00728128	0.0127175
1346	NA12045	0.0574679	0.0497777	0.0327529	0.00875305	0.00521539	-0.0476214	0.0337444	-0.0309596	0.0100368	-0.00579642
1444	NA12750	0.05737	0.0468392	0.00800417	0.00857686	0.00288738	-0.0252816	-0.0352159	0.0246312	0.0254569	-0.0152548
1350	NA11831	0.0595995	0.0383923	-0.0192506	-3.02193e-05	-0.017922	0.0050146	-0.0183717	-0.0494762	-0.0210548	0.00671541
1334	NA12146	0.0572395	0.0503322	0.00142014	-0.0118285	-0.0211172	-0.0566262	0.00544778	-0.00450542	-0.00575938	0.0182149
1347	NA11882	0.0578989	0.0354878	-0.0304048	0.00500437	0.00522866	0.000919836	-0.0147162	0.00637928	0.0111749	-0.0224588
1340	NA07056	0.0583183	0.0470029	-0.0207494	0.0187461	0.0286555	-0.0211088	0.0035434	0.00262623	-0.00771102	-0.0126755
1408	NA12154	0.0576434	0.0427187	0.0437331	0.0181395	-0.0106487	-0.0389149	0.0201364	0.00966659	-0.00169701	-0.0288332
1349	NA11839	0.0576428	0.0439149	0.0144476	-0.0202999	0.00970748	-0.0211366	-0.0453485	0.010279	-0.0089145	-0.00671482
1459	NA12875	0.0594248	0.0450979	0.0195821	-0.0128724	0.00961471	-0.0244541	0.0163184	-0.0354192	-0.0124574	0.0076798
1408	NA12156	0.0584633	0.0432118	0.00514712	-0.00524284	0.00846015	-0.0104293	0.0114066	0.00445017	0.010494	-0.00397568
1346	NA12044	0.0589921	0.0547394	-0.0258979	-0.0071698	-0.00435689	-0.0241505	-0.0295187	0.0251999	0.0323768	-0.00395211
1362	NA11992	0.0564581	0.0436748	0.0293656	0.0317247	-0.00890782	-0.0307211	0.00373263	-0.00822411	-0.00554452	-0.00969902
1350	NA11829	0.059264	0.0463124	0.0174517	-0.0200587	-0.0156962	-0.0187706	0.00103842	-0.0246912	0.0122168	0.0209371
1334	NA12239	0.058862	0.0425294	0.0257066	0.00653363	-0.0271341	-0.00872576	-0.00136897	-0.015158	0.0150973	0.00699883
1447	NA12762	0.0593001	0.049398	-0.0238165	0.0203567	-0.00290292	-0.00874777	0.00699485	-0.00833564	-0.00782545	-0.0205343
1358	NA12716	0.0594228	0.0367599	0.00774311	0.0124975	-0.0128935	-0.0289997	-0.0128704	0.0397182	-0.00388699	0.0278134
1459	NA12874	0.0541461	0.0422627	0.00137131	0.00401853	-0.046224	-0.0164177	-0.00859548	-0.0319376	0.0286157	0.0194764
1447	NA12760	0.0559019	0.0502819	0.0116677	-0.00466371	-0.0349623	-0.0168704	-0.00504312	0.05142	0.0272134	0.00817806
1341	NA06985	0.0540659	0.0420281	0.00416322	0.0102091	-0.00779803	-0.0257052	-0.0119552	0.0278655	-0.00817647	-0.00301033
1420	NA12003	0.0572038	0.0334135	0.0250398	-0.00700336	-0.0404993	0.0304619	-0.0283845	-0.0161349	0.0152487	-0.0127987
1340	NA07022	0.0565943	0.0499945	0.00266008	-0.0126648	-0.00909443	-0.00284761	0.00563703	0.0327597	0.00339844	-0.0237871
1454	NA12813	0.058368	0.04598	0.0567253	-0.0144718	-0.0532485	0.070241	-0.000451021	0.033459	-0.07092	0.0779045
1341	NA07055	0.0587158	0.0507976	0.0100741	-0.0155612	-0.0087657	0.0117486	-0.00857585	0.0127061	-0.0258706	-0.0440258
1344	NA12056	0.0581449	0.0516064	0.00143861	-0.015516	-0.00157455	-0.00252237	-0.0299479	-0.0273981	0.00813505	-0.00833231
1334	NA12145	0.0586987	0.0463983	0.0416796	0.00704245	-0.00280291	0.00387236	-0.00751617	-0.0213572	-0.00285704	-0.00590681
1454	NA12814	0.0563799	0.0491412	0.010025	0.000949924	4.10627e-06	-0.0288065	0.0145021	-0.00962299	-0.0189449	-0.0146289
1420	NA12006	0.0569426	0.0516841	-0.00780581	-0.0115683	0.0244978	-0.00102167	-0.00707798	-0.0127087	-0.0378773	0.00392181
1447	NA12763	0.0576079	0.0482527	-0.015791	0.00430612	0.00363667	-0.0165816	-0.000461244	0.00785323	-0.00724669	0.000911707
1345	NA07357	0.0574119	0.0489491	0.0287557	-0.00536829	-0.00652813	-0.00914994	0.00254651	-0.00754759	0.00630115	-0.0261344
1334	NA12144	0.0585554	0.044302	-0.0286754	0.0102651	0.000716875	0.0112371	0.0154523	-0.00606176	-0.00799067	0.0176183
1340	NA07000	0.0576122	0.0417743	-0.00691471	-0.000239887	0.0152249	0.0142512	0.00241984	-0.0140372	0.00466902	-0.0082003
1350	NA11832	0.0561454	0.0473706	0.0295042	0.0191318	0.0108739	-0.0111938	-0.0110131	0.00368265	0.00933247	0.00441748
1349	NA11840	0.0570993	0.0350791	-0.0181748	0.00380981	0.0253763	0.0197153	0.0110462	0.000214349	0.0326039	0.0118947
1447	NA12761	0.0587087	0.0524526	0.00531984	0.0107128	-0.0236039	0.0248553	-0.000715144	-0.0214196	-0.0137574	-0.0133437
1340	NA06994	0.0596696	0.042911	0.00396183	-0.00646865	-0.0152546	0.0078589	0.00053908	-0.0106232	0.00512528	0.00426793
1362	NA11993	0.0569587	0.0367942	0.00529015	0.00759855	0.0140525	0.0138191	0.022979	-0.0115814	-0.0063992	-0.0294325
1362	NA11995	0.059655	0.0541654	-0.0336241	0.0154929	-0.00688013	0.0189907	0.0247904	0.0151548	-0.00904526	0.0119538
1463	NA12891	0.05892	0.0503019	0.0346792	0.0110224	-0.0387195	-0.00448436	-0.0227774	-0.0368778	0.0126062	-8.94963e-05
1444	NA12751	0.0578366	0.0502984	0.00733295	-0.00842497	-0.00431006	7.0189e-05	-0.0154213	-0.0329029	0.0452792	0.00458753
1420	NA12005	0.0574761	0.0431204	-0.00623805	0.000815264	0.00566452	0.00294912	-0.0145599	-0.0242252	-0.00816832	0.00319013
1375	NA12234	0.0568337	0.0442152	0.016809	-0.00820228	-0.0134941	-0.0135466	0.00717728	-0.0208843	-0.00992239	0.0155259
1345	NA07345	0.0584992	0.0557373	0.00917215	-0.0125042	-0.00816934	-0.0188353	-0.024073	0.0157133	0.0327655	0.0232779
1463	NA12892	0.0554347	0.0400419	-0.0155386	0.0154852	-0.00077464	0.0174816	0.0176363	-0.0292402	-0.0390189	-0.00817684
1416	NA12248	0.0576473	0.0441535	0.0054914	0.00144023	-0.00991044	-0.00157144	0.0128679	0.0011073	0.00983087	-0.0202949
1459	NA12872	0.0600301	0.042381	0.0131254	0.000419243	0.0103185	0.00614077	-0.00778799	-0.00218095	0.0111153	-0.00926529
1408	NA12155	0.0586041	0.0374133	0.0102768	0.0210481	-0.039309	0.0198219	-0.0129207	-0.00369428	0.0265184	0.00865426
1341	NA06993	0.0579063	0.0511605	-0.013893	-0.0196841	0.0163204	-0.00786073	0.0218301	-0.0108643	-0.0123636	-0.0412744
1350	NA11830	0.056079	0.0441731	0.00814204	0.00739977	0.000519989	-0.0343073	0.00203737	0.00420576	0.00867504	-0.0111227
1416	NA12249	0.0570075	0.0376119	0.0279906	0.00533995	-0.00585086	0.00100823	0.0128977	-0.0160197	0.0178009	-0.013655
1344	NA12057	0.0580198	0.0450508	-0.00654153	0.0521754	0.015294	-0.0230276	-0.00385792	-0.0143297	0.00142106	0.000441698
1454	NA12812	0.0572807	0.038069	0.0251569	-0.00245971	-0.00014466	0.0224178	0.00357598	-0.00424272	-0.0168119	0.0139896
1347	NA11881	0.0557099	0.0459887	0.0308024	0.00930685	-0.0165997	-0.029475	-0.00434023	0.0116126	0.0343271	0.0195925
1362	NA11994	0.0572402	0.0391159	-0.000960878	-0.0374367	-0.0233319	1.55394e-05	-0.0115554	-0.0188429	0.00531682	0.00159896
1459	NA12873	0.0592618	0.0506102	0.00953887	0.0100539	-0.0152465	0.00385746	0.0145007	0.000541813	-0.00347002	-0.0150505
1454	NA12815	0.0577942	0.0522426	-0.00608226	-0.0412249	-0.00651459	0.0201091	-0.0145804	0.0432746	-0.00109143	-0.00823874
1346	NA12043	0.0577161	0.0503477	0.0307776	-0.0244721	-0.0170257	0.0212635	-0.010851	0.0293982	0.027869	-0.0251791
1375	NA12264	0.0543299	0.0454399	0.0152747	0.00388822	-0.00255889	0.01428	0.0191739	-0.00692646	0.00637362	-0.00480055
M012	NA19663	0.0429215	-0.158265	-0.00222033	0.0330569	0.0169993	-0.0277011	0.000791051	0.0206918	0.0101655	0.0216214
M012	NA19664	0.0462424	-0.148963	0.0610596	-0.0652999	-0.0782609	0.113605	0.0696123	-0.10281	0.020082	-0.0692107
M016	NA19722	0.0472417	-0.130315	-0.0040321	-0.00918295	0.00410714	-0.0447766	0.00624743	0.0414597	-0.036976	0.0405465
M016	NA19723	0.0425316	-0.125461	-0.0230363	-0.0123994	0.0213932	-0.0273715	-0.0109178	-0.000612168	-0.00418101	-0.00861645
M001	NA19649	0.049381	-0.0457474	0.00966996	0.00582053	0.000878729	-0.00101114	-0.0178259	0.0218549	-0.0130608	-0.0243948
M002	NA19669	0.0507205	-0.0578346	-0.054834	-0.000751459	-0.0182494	0.00408119	-0.0116622	0.00453896	0.00866665	0.00503463
M007	NA19657	0.047212	-0.160821	0.00136974	0.0387648	0.0198095	-0.0568194	-0.0234779	0.0275869	-0.00904483	0.00898459
M007	NA19658	0.0511786	-0.0566528	0.0107236	0.0239582	0.013676	-0.0336161	0.00171453	0.0210765	-0.0077216	-0.0379229
M015	NA19719	0.0476155	-0.0979684	0.0114876	0.00628907	0.0543912	-0.00108234	0.0233256	0.00918094	-0.026054	0.0205215
M015	NA19720	0.0448974	-0.167806	0.0146383	-0.0139225	0.034294	-0.0218643	-0.00405512	0.0241072	0.0279968	-0.00721006
M017	NA19726	0.0511129	-0.171847	0.00643694	0.00858933	-0.00811914	-0.0451163	-0.00725402	0.0208188	0.00446653	0.0523562
M023	NA19747	0.0503919	-0.134765	0.00821594	0.00601495	0.0129046	-0.0196092	-0.0106073	0.0343926	-0.0094831	0.0105002
M027	NA19759	0.0476539	-0.1952	-0.0120437	0.0350343	0.00539141	-0.0287847	-0.0173653	0.0381947	-0.00280206	-0.00918581
M033	NA19773	0.0488514	-0.0806842	0.00532362	0.00142413	0.02664	-0.0346039	-0.00705172	0.0331562	-0.014618	0.0139397
M035	NA19780	0.0497478	-0.0889078	-0.040849	0.0594126	0.0207589	-0.00874149	-0.0364168	0.00356494	0.047927	-0.0130205
M004	NA19675	0.0515542	-0.00252721	-0.407137	0.279798	0.171075	0.348305	0.118415	-0.0373314	-0.154015	-0.0467225
M004	NA19676	0.051066	-0.0699617	-0.0235276	0.0563462	0.0131562	0.00133466	-0.0429044	0.0082924	-0.0127922	0.0530541
M005	NA19651	0.0470681	-0.0496638	-0.00375396	-0.0111229	0.00488423	-0.0217739	-0.00542508	0.011612	0.0134811	0.0278588
M011	NA19684	0.0542718	-0.0529115	-0.00333391	0.00491518	0.0306442	-0.0114742	-0.0338573	-0.00694165	0.0298724	0.00321578
M017	NA19725	0.050644	-0.0772084	-0.00595114	0.0101333	-0.0157046	-0.0234915	-0.00378006	0.0526152	0.00778903	0.00797811
M026	NA19755	0.0455996	-0.183746	-0.0304574	0.0217076	0.0286924	-0.036468	-0.0207851	0.0459368	-0.00632345	-0.00259277
M026	NA19756	0.0457957	-0.122387	-0.0137014	0.0505458	0.0361358	-0.0781924	-0.0101906	0.0526116	-0.00609036	0.0096842
M033	NA19774	0.0472247	-0.115308	0.0011438	-0.00364032	0.0106348	-0.0232433	-0.0282256	0.0433377	0.0123313	-0.0463464
M034	NA19776	0.0429198	-0.105078	-0.0179147	0.0198903	0.0301971	-0.0101604	-0.00457028	0.0533108	-0.00212728	0.0455077
M034	NA19777	0.0434766	-0.11513	0.0145388	0.0350511	-0.013044	-0.0176868	-0.0468322	0.0331436	-0.0219603	0.00776923
M036	NA19783	0.0512653	-0.217412	0.00320437	0.011417	0.0281491	-0.0694489	-0.019676	0.0320709	-0.00626859	0.03267
M008	NA19661	0.0490705	-0.131576	0.103412	-0.13032	-0.153675	0.236977	0.071625	-0.199875	0.0285165	-0.118383
M010	NA19682	0.0493248	-0.11784	-0.0111741	-0.0131169	0.0145589	-0.0308449	-0.0194332	-0.00608797	-0.00405742	0.00230236
M031	NA19771	0.0475017	-0.134616	-0.0110997	0.0116509	-0.0160975	-0.0261258	0.0120073	0.00640995	-0.0308193	-0.0283481
M035	NA19779	0.0488834	-0.0620659	0.0151262	0.037301	-0.0169337	-0.014641	-0.0105049	-0.00511984	0.00970926	-0.0224233
M036	NA19782	0.0475556	-0.121868	-0.032229	0.00707597	-0.0376084	-0.0380912	-0.0373975	0.032307	-0.00924634	0.0554303
M037	NA19788	0.0460351	-0.184539	-0.0112919	0.00111789	0.0247713	-0.0270979	-0.0107608	0.0189878	0.00986994	0.0175925
M008	NA19660	0.0508129	-0.138817	0.131783	-0.151057	-0.152598	0.26776	0.111235	-0.209411	0.0370939	-0.107571
M009	NA19678	0.0476921	-0.0296213	-0.306176	0.201947	0.128893	0.220713	0.0724461	-0.015865	-0.100249	-0.0446711
M010	NA19681	0.047735	-0.156899	-0.000813405	0.00527816	0.0176355	-0.00654868	0.0139615	-0.0119725	0.00047731	0.0141825
M023	NA19746	0.0491921	-0.192399	0.0217145	-0.00576734	0.0224454	-0.00253394	-9.17285e-05	0.00424797	-0.00708981	0.0511667
M039	NA19794	0.0509888	-0.0511885	-0.00925549	0.0130318	0.0137154	-0.0458252	-0.0121566	0.0313784	-0.00895059	-0.00365195
M039	NA19795	0.0447294	-0.116802	-0.0151945	0.0017818	0.0375102	-0.00622106	-0.0125268	0.0324995	-0.0391818	0.00162246
M006	NA19654	0.0470417	-0.139322	-0.0165743	-0.00564688	0.0124767	-0.0376678	-0.00581851	0.0124093	-0.0119036	0.0209492
M024	NA19749	0.0505213	-0.0818328	-0.00147771	0.0206681	-0.00623021	-0.0391256	0.0243878	0.0386042	-0.0107032	0.0362359
M028	NA19761	0.0438455	-0.148735	-0.00915534	-0.000888217	-0.0043296	-0.0533077	-0.00798633	0.0237617	0.00964693	0.0401216
M028	NA19762	0.0449672	-0.157063	-0.00372339	-0.00870252	0.00717623	-0.0609883	-0.0143459	0.0214122	0.00536701	-0.00234115
M031	NA19770	0.0479262	-0.0922602	0.0150818	0.0131472	0.00658394	-0.0347484	-0.0317335	-0.0347839	0.0223856	0.0315495
M002	NA19670	0.04843	-0.115963	0.000926358	0.00945439	0.0104318	-0.0400009	-0.0354418	0.0373398	0.0356464	0.0236894
M014	NA19716	0.0467953	-0.138239	0.00262676	0.0161786	0.0188139	-0.061669	-0.000677406	0.0197578	0.00341836	0.0149157
M024	NA19750	0.0490428	-0.0642737	-0.00320881	-0.0191038	-0.00921034	-0.0373019	-0.0155359	0.0166853	0.0102124	0.00823678
M037	NA19789	0.0425148	-0.11169	-0.00873729	0.022928	0.0319583	-0.00977261	-0.0385929	0.0529967	0.00368205	0.00246732
M011	NA19685	0.0487697	-0.140144	0.177663	-0.213211	-0.21214	0.361439	0.125839	-0.295247	0.0460156	-0.157542
M009	NA19679	0.0520531	0.0237858	-0.294939	0.19107	0.11283	0.287797	0.0796989	-0.0324498	-0.107586	-0.0396471
M005	NA19652	0.0490832	-0.0627942	0.00860637	0.0146376	0.0026948	-0.0184816	-0.0133087	0.0276281	-0.0122096	0.00916833
Y001	NA18488	-0.062492	0.000322448	0.00132437	-0.0173453	-0.00151529	-0.00450312	-0.032982	0.00525725	0.0275395	-0.0451007
Y014	NA18519	-0.0635879	0.0065987	0.0339239	0.0385153	0.046924	-0.0219138	0.00465968	0.00199343	0.00259588	-0.0232661
Y039	NA19185	-0.0638713	-0.00271118	-0.0093963	0.0124355	0.0558783	0.013642	-0.0391254	0.00707489	0.0368976	-0.00391823
Y075	NA19146	-0.0639175	0.00297127	-0.00229543	-0.00378492	0.00615167	0.0235206	-0.0347077	-0.037026	0.0446014	-0.00939692
Y073	NA19149	-0.0632234	0.00022168	0.0191285	0.00449492	0.0336572	-0.00520124	0.00305471	-0.0330286	-0.013171	0.00240723
Y092	NA19256	-0.0620632	0.00162572	-0.0338023	0.0269135	-0.00646916	-0.0208649	-0.0127236	0.0144252	-0.0164426	-0.0673562
Y006	NA19108	-0.0642874	-0.00548964	-0.0170636	-0.0110055	-0.011082	0.00778493	-0.0299839	0.0057559	0.0159865	-0.00468569
Y038	NA19178	-0.0611882	0.00124166	-0.0110983	0.00278987	0.00155169	0.00916914	-0.054998	-0.0318755	0.0547862	-0.0165571
Y030	NA18916	-0.0628209	0.00182778	0.0151363	-0.0129674	0.00771882	-0.0109813	0.0412296	-0.0109295	0.0442953	-0.0474496
Y111	NA19190	-0.0629038	-0.00271266	-0.0220256	-0.0129046	-0.00821963	-0.0237766	-0.0434624	-0.0216794	-0.0200626	0.0222021
Y061	NA19121	-0.0623381	0.0015854	-0.00906658	0.0139942	-0.00198106	0.00815995	-0.0181235	-0.0149498	0.0118384	0.0133211
Y079	NA19113	-0.0606166	-0.0022588	-0.0100706	0.0157461	0.0151611	-0.0363055	0.000392169	-0.0115638	-0.0105712	-0.0174131
Y116	NA19235	-0.0627158	0.00600365	-0.0240597	-0.0393855	0.0170983	0.0159681	-0.0146514	0.0191592	-0.00553374	0.00432436
Y041	NA19095	-0.0619433	0.00167604	-0.00400721	-0.0218068	0.020146	0.018732	-0.0223719	-0.000401408	0.030025	0.0127181
Y041	NA19096	-0.0644956	0.00781423	-0.0032623	-0.00433737	-0.0235529	0.0197072	-0.00792141	-0.0277877	-0.019178	-0.0317456
Y007	NA18868	-0.0666927	-0.00672894	0.0187829	0.0298597	-0.00656868	0.020958	0.00163386	-0.018148	0.0433918	0.0247014
Y027	NA18909	-0.0637599	0.00684592	-0.0221098	0.00612441	0.0150079	-0.00190086	0.0259964	0.00733347	-0.00252513	-0.00712471
Y036	NA18933	-0.0621499	0.00123322	-0.0118798	0.00525836	-0.00251385	-0.0127543	-0.0163464	-0.00485793	0.0105677	0.00898558
Y044	NA19175	-0.059855	0.00593915	-0.00823533	0.0205718	-0.0209821	0.00213125	-0.0818225	-0.0146442	0.020564	-0.000155333
Y120	NA19247	-0.0626691	0.000592572	-0.00694402	-0.0166615	0.0112465	-0.00521431	-0.0176736	0.0204538	-0.0120479	0.00541399
Y002	NA18489	-0.0604289	0.00504485	-0.041147	0.00265984	0.00152382	-0.0535994	-0.00576007	-0.0145439	-0.064197	-0.00720151
Y052	NA19181	-0.0605714	-0.0036404	-0.0627252	-0.000624355	-0.00421626	0.00323044	-0.00289736	-0.00296085	-0.000439188	0.0098942
Y092	NA19257	-0.0633978	0.0129609	-0.0187018	0.031866	-0.00114744	-0.00735018	8.26433e-05	-0.0273665	0.0327472	0.0442124
Y100	NA19117	-0.0644907	0.000185593	-0.02209	-0.0196216	-0.0289261	0.011316	-0.031348	0.00767856	0.0321865	-0.0562803
Y110	NA19214	-0.0648129	-0.0077827	0.0215122	0.0279622	-0.0437356	-0.00880644	-0.0201767	-0.0143237	-0.00759454	-0.0098282
Y014	NA18520	-0.0582429	0.00841359	0.00208729	-0.00222314	0.0352675	0.00996543	-0.0119238	-0.0394499	0.0204001	0.0387523
Y110	NA19213	-0.061949	-0.00292747	0.0106966	-0.0230074	-0.0286866	-0.0054814	-0.00213533	-0.00256234	-0.00610251	-0.0173012
Y035	NA19197	-0.0633538	0.000306936	0.0390168	0.0174914	0.0167547	0.00690037	-0.0239121	0.0106152	0.0226996	0.0064448
Y035	NA19198	-0.0628416	0.00713719	0.0113507	-0.0170745	-0.00197918	-0.0214541	0.0160154	0.0176925	-0.0295193	-0.00927736
Y061	NA19122	-0.0617906	0.00896102	0.00714538	0.027929	-0.00463167	-0.044458	0.0132849	-0.00256257	0.0175649	0.0230121
Y036	NA18934	-0.0631096	0.00368792	-0.00729941	0.011722	-0.00208988	0.0170587	0.00602584	-0.00846324	-0.00418362	-0.0233348
Y033	NA18924	-0.0589583	-0.00342968	-0.0433105	-0.00956737	0.00575849	0.040122	-0.0021356	0.00647913	0.0177143	0.0328225
Y075	NA19147	-0.0628257	0.00158075	0.0103913	0.00952781	0.0338594	0.00201917	-0.0206079	-0.0235434	0.0503775	-0.00262312
Y001	NA18486	-0.0629412	-0.00917689	0.0145204	-0.00885735	-0.0154297	-0.0148877	-0.0119952	0.00308413	0.0291025	0.0150005
Y003	NA18499	-0.0622115	-0.00311469	-0.0107983	-0.00132809	-0.0142084	0.00718839	0.00154409	-0.0426648	-0.0154128	0.0149511
Y002	NA18487	-0.0605956	0.00541191	0.0113485	-0.0103969	0.0102244	-0.00473472	0.0288357	0.00113355	0.00092937	-0.0196004
Y120	NA19248	-0.0613866	0.00379611	0.00116089	-0.0210429	-0.0242838	0.0044269	0.00541478	-0.0196888	0.0215416	-0.0402222
Y030	NA18917	-0.0633654	0.00584361	0.0181539	0.0146851	-0.017376	0.0382328	0.0213465	-0.0305244	0.00837349	0.00533689
Y079	NA19114	-0.0620398	0.00511585	0.0170795	0.00980825	0.0131273	0.0192102	0.00669296	-0.00892466	0.00944458	0.00385956
Y039	NA19184	-0.0631899	0.00726479	-0.00616854	0.0277275	-0.000354494	-0.0119661	-0.0164454	-0.0371287	0.0240184	-0.0387991
Y044	NA19176	-0.0603908	0.000383114	0.00393385	-0.0224964	0.0230686	0.00200729	0.0222065	0.00629786	-0.0186889	0.00740006
Y007	NA18867	-0.0640673	0.000274422	-0.0294939	0.00437591	0.0128351	-0.0237167	-0.0221227	-0.0178083	0.0188923	0.0179314
Y116	NA19236	-0.0632106	0.00779266	0.00906051	0.0189193	0.0423038	-0.00305561	0.00601991	-0.00962461	0.0485954	-0.0150668
Y019	NA18874	-0.0615047	0.00161234	-0.00545339	0.0154263	-0.0103985	0.00748011	-0.0193208	-0.0506139	-0.016201	-0.00328838
Y038	NA19179	-0.0634622	0.00180217	0.0135592	0.0420081	0.0109719	-0.00953155	-0.0200312	-0.00772736	-0.00999614	-0.01016
Y052	NA19182	-0.0617414	0.000267483	0.0221788	0.0345829	0.0236672	-0.0137494	-0.0174172	0.0191758	-0.0207758	0.00212785
Y057	NA19226	-0.0598749	0.00174673	-0.000124553	-0.00417806	0.00828196	-0.014312	-0.021467	-0.00726477	-0.00301143	0.0249032
Y057	NA19225	-0.0630336	0.00148762	0.00957726	0.0562377	0.0101918	-0.0173924	-0.0262022	-0.0249863	0.0202464	0.00706928
Y111	NA19189	-0.0615944	0.00639029	-0.0173103	0.0152896	-0.0465857	-0.0113384	-0.0279308	-0.0180356	0.0194359	0.00762779
Y003	NA18498	-0.0635343	0.0015245	-0.00337803	-0.0098389	-0.0484005	0.0179139	-0.0239356	0.0157826	0.030543	0.03111
Y100	NA19118	-0.0610982	0.00361729	0.00504561	0.0168887	0.00677579	-0.00081356	-0.00225564	-0.00933372	0.0225469	-0.0291064
Y006	NA19107	-0.0628315	0.00677666	0.00386101	0.0117359	-0.000678099	-0.0203565	0.00487763	0.00815676	-0.0126975	-0.000299957
Y010	NA18510	-0.0623801	0.000986437	0.0232817	0.0200014	0.01824	-0.0269351	-0.0251775	-0.0229033	0.0167739	0.0248734
Y010	NA18511	-0.0621228	-0.00186854	0.00799546	0.0449819	0.0166115	0.00236366	-0.0570659	-0.0184618	0.0231083	-0.0347962
Y033	NA18923	-0.0633007	0.000988617	0.0423491	0.0226658	0.0143887	-0.0355325	-0.0248315	-0.0507015	0.0465868	0.00733846
Y073	NA19150	-0.0627321	0.00755167	-0.0291153	-0.00893524	-0.0061869	0.00853396	-0.0125222	0.00133814	0.0128129	-0.00463787
Y027	NA18910	-0.0618539	0.000107963	-0.00238977	0.0392399	0.00188481	-0.0106128	-0.00983693	-0.0160067	0.00765505	0.0436502
Y019	NA18873	-0.0629389	0.00261261	0.0258404	0.0107811	-0.00580956	-0.0279261	-0.0392425	0.00394842	-0.000173423	-0.0405422
Y005	NA18505	-0.0634247	0.00446571	-0.02221	0.0133858	-0.0104216	-0.000517031	0.00424156	-0.00490017	0.0204295	-0.0254037
Y117	NA19239	-0.0639921	0.000833915	0.0178183	0.0295098	0.0152322	-0.00464905	-0.00197233	0.000304622	-0.00638344	-0.0241576
Y004	NA18501	-0.0632298	0.00372757	-0.0196783	0.0387256	-0.0330294	-0.000730014	-0.0208259	-0.00159324	0.0109685	-0.00799732
Y043	NA19137	-0.0621851	0.000472469	-0.019078	0.0230534	0.0199557	-0.0361991	-0.0154119	-0.021766	0.0107999	0.0393189
Y072	NA19153	-0.0615203	-0.000864019	-0.000257223	0.00499396	-0.0163288	-0.0383858	-0.0127161	-0.026663	-0.0107734	0.000571162
Y058	NA19223	-0.0618814	0.000244141	0.014623	-0.00741967	-0.0106752	-0.00471485	-0.00340609	-0.000990709	0.0350899	-0.00229471
Y024	NA18861	-0.0627605	0.00206856	0.0243545	-0.042146	0.0214823	0.0162653	-0.00613412	-0.0200072	0.0115324	-0.0361491
Y045	NA19201	-0.0638554	0.00600723	-0.0145437	-0.00700372	-0.00516812	0.028062	-0.0217645	-0.01182	0.00765172	0.050458
Y074	NA19144	-0.0599037	0.0048763	-0.00685347	0.014323	0.0216949	0.0322237	-0.0190849	-0.0117577	0.017969	0.0212324
Y112	NA19193	-0.0616304	0.00600386	-0.0198984	0.0103453	-0.002196	0.00547695	-0.00231898	-0.00846231	0.00753301	-0.0025381
Y005	NA18504	-0.0632409	0.00437851	0.00138489	0.0356407	-0.0143662	0.0177972	0.0282503	-0.0030899	0.0296991	-0.0456911
Y048	NA19203	-0.063674	0.00440474	0.0209496	-0.0143848	-0.0174942	0.047332	-0.000117039	-0.0230976	0.0160675	-0.0458218
Y074	NA19143	-0.0631834	0.00197833	0.000995489	-0.00740783	0.019849	0.00970714	-0.00515614	0.00404826	-0.00752785	0.00463284
Y017	NA18871	-0.0633896	0.00455471	0.000855023	0.00396072	-0.0116247	0.0200871	0.00908491	0.0194765	-0.0111396	-0.0340533
Y017	NA18870	-0.0611731	0.00441895	0.000332098	0.0264592	-0.00626021	0.00213596	0.00544047	0.00212773	0.0156746	0.00793548
Y045	NA19200	-0.0614078	0.00254216	-0.0184651	0.00470705	-0.0320176	0.00558784	-0.0532985	-0.0309418	0.00291926	0.0144793
Y013	NA18517	-0.0620276	0.000627704	-0.018311	-0.0157602	0.0256851	0.00224942	0.0128677	-0.0316518	0.0154515	0.0152608
Y023	NA18855	-0.0629657	0.00420459	0.0435403	0.0285655	-0.000211842	-0.000301446	0.0133416	-0.00768336	0.0162277	0.0706443
Y050	NA19209	-0.062119	-0.00330552	-0.0202204	0.00515975	0.0303487	0.00840023	-0.000338812	-0.040176	0.0134789	-0.00889838
Y056	NA19160	-0.0639429	0.00157523	0.00328249	0.0274358	0.0086627	0.0145651	-0.0273936	-0.0194658	-0.0135992	-0.013773
Y072	NA19152	-0.0632327	0.00376161	-0.0174862	0.00624311	-0.00896632	0.00134948	-0.0181117	-0.000413651	0.0168341	0.0123777
Y042	NA19102	-0.0618689	0.00899507	0.0121771	0.00428681	0.0345709	0.0127279	-0.017246	-0.00526428	0.0251256	0.0253735
Y047	NA19172	-0.0626499	-0.000754664	-0.00278182	0.0323379	0.00480491	-0.0261207	0.0168925	-0.0223917	0.0113435	-0.00951677
Y117	NA19238	-0.0629476	0.000209402	0.087413	0.00211705	-0.246105	0.0430037	-0.184383	0.149165	-0.546192	-0.0438934
Y028	NA18913	-0.0620826	0.00390705	0.101999	0.00389835	-0.235469	0.0504104	-0.173012	0.149536	-0.537278	-0.0495565
Y028	NA18912	-0.0626514	-0.00573126	0.0176404	0.000419596	0.0164705	0.0055375	0.0221904	-0.023038	-0.0110606	0.0380486
Y058	NA19222	-0.0609749	0.00452762	-0.00973479	0.0243966	0.0201702	-0.0151656	-0.0485505	-0.022046	0.00395354	-0.0353057
Y009	NA18508	-0.0635706	0.00149457	-0.0127714	-0.0149664	0.0201213	-0.00128968	-0.0037626	0.0214433	0.0138132	-0.00414055
Y043	NA19138	-0.061745	0.000531531	0.0376322	0.0100134	0.00595181	-0.0229778	0.0238838	0.00418853	0.0163865	0.00621769
Y018	NA18852	-0.0607802	0.00575481	0.00310203	-0.01998	0.0243039	0.00276783	-0.00727796	-0.0107507	0.0419567	0.0116684
Y050	NA19210	-0.0601071	0.00690876	0.00814956	0.0103447	-0.0162078	0.0129138	-0.0251483	-0.0108642	0.00494494	-0.0366574
Y048	NA19204	-0.0612751	0.012796	-0.0168782	-0.000231057	0.00630057	-0.0328868	-0.00862743	-0.00262472	-0.0187739	-0.0494199
Y009	NA18507	-0.0628967	0.00839718	0.0009932	0.0119278	-2.41208e-05	0.0193045	-0.0554714	-0.00386107	0.0171598	0.00732234
Y056	NA19159	-0.0620059	0.0115274	-0.00151734	0.00789994	-0.00429792	0.00840385	-0.00771019	0.0103594	0.0106582	0.0243869
Y013	NA18516	-0.0635608	-0.00254058	0.0228951	0.00554978	-0.0352326	0.00664199	-0.0116454	-0.00392294	0.0394759	-0.000134283
Y024	NA18862	-0.06233	-0.00299646	-0.0331217	0.0435891	0.00501189	0.00655324	-0.00742733	-0.0290287	0.0447679	0.00926754
Y042	NA19101	-0.0608623	0.0055689	0.0127733	0.0262108	-0.00930753	-0.0260697	0.0110145	-0.0231463	0.0594262	-0.0218458
Y112	NA19192	-0.0630192	0.00317316	-0.0481461	0.0178554	-0.0757458	0.0129115	-0.0273542	0.00260002	-0.0217736	-0.0399998
Y012	NA18858	-0.0612927	-0.00206448	0.0133338	0.0209884	0.00638182	-0.00496344	-0.0164959	0.00421038	0.00257124	-0.0107856
Y071	NA19141	-0.0622177	-0.0004542	-0.0138447	-0.00723274	-0.00842603	0.00296412	0.0132298	0.0276471	-0.0200144	-0.0492113
Y040	NA19093	-0.0618589	-0.00329124	0.031375	0.0279618	0.00677501	-0.0179435	-0.00155267	0.0231114	-0.0194062	-0.0417799
Y051	NA19206	-0.0620113	0.00285234	-0.0236177	0.000552092	0.0241706	0.00957019	-0.0194155	-0.0474259	-0.000589743	0.015696
Y105	NA19098	-0.0627765	0.00479415	-0.0104209	-0.0294312	-0.0491014	-0.00581217	-0.0156716	0.00111026	-0.0114489	0.00643528
Y101	NA19130	-0.0640499	-0.00767505	-0.0339859	0.0170562	-0.0944173	0.00196261	0.00374051	-0.00060212	-0.0222975	-0.0521103
Y077	NA19128	-0.0625688	0.00381355	-0.0239645	0.0290014	-0.00790801	-0.0256017	-0.0326618	-0.00955252	-0.025781	-0.0344277
Y101	NA19131	-0.0630313	0.0020686	-0.020903	-0.0011974	-0.0011568	0.0238896	-0.0370341	0.0096547	-0.000398185	0.020022
Y060	NA19116	-0.0634339	0.000761397	-0.0306257	-0.00265755	-0.00208839	0.00174936	0.0533518	-0.00278166	-0.0030598	0.0593296
Y077	NA19127	-0.0627133	0.00160557	0.00790424	0.00559552	0.029237	0.000277045	-0.0401635	0.000712797	0.0348213	-0.00720376
Y018	NA18853	-0.0623533	0.00393866	-0.00658819	-0.00260272	-0.0129488	0.0328959	0.00994847	0.00626664	0.0056436	-0.0252007
Y047	NA19171	-0.060673	0.0131835	-0.000561853	0.0137659	0.00497825	0.0035678	-0.0257228	0.00154453	-0.00588901	-0.0138127
Y071	NA19140	-0.0636536	0.00703136	-0.0010618	0.00891186	-0.0137968	-0.0180612	-0.000106905	-0.0351653	0.0198348	0.0211845
Y012	NA18859	-0.0637847	-0.00582776	-0.0247536	0.049793	-0.0272997	0.0140964	-0.0181667	-0.0134046	-0.00230674	-0.0479426
Y060	NA19119	-0.0642849	0.0030498	-0.0216321	-0.00325895	-0.00934357	-0.00942668	-0.0351404	-0.0136951	0.0182659	-0.0118449
Y051	NA19207	-0.0631301	0.0073395	0.0191665	0.0367891	-0.0119709	-0.0263462	0.0515082	-0.0433864	-0.00803964	0.00627254
Y105	NA19099	-0.063808	-0.00332074	-0.00372644	0.0145955	-0.0344843	0.0170799	0.00232809	0.00454232	-0.0137754	-0.0122289
